iter,method,coef,se,CI_left,CI_right
1,Tlearner,1.13924574116923,0.0420517010732742,1.05682592157697,1.22166556076149
1,Rlearner,1.11605256369924,0.07856134889893,0.962075149280448,1.27002997811802
1,intercept,1.13287251597244,0.0839196758889633,0.9683929736358,1.29735205830908
1,AIPW,1.46062582872405,0.450372973361457,0.577894800935594,2.34335685651251
